[
  {
    "question": {
      "text": "1번 축구나 아이스하키에서 한 선수가 한 경기에서 3골을 넣는 것을 무엇이라고 하나요?",
      "audio": "audio/qu1.mp3"
    },
    "qu1": {
      "text": "1번 클린 시트",
      "audio": "audio/quv1_1.mp3"
    },
    "qu2": {
      "text": "2번 헤트트릭",
      "audio": "audio/quv1_2.mp3"
    },
    "qu3": {
      "text": "3번 박스투박스",
      "audio": "audio/quv1_3.mp3"
    },
    "anwer": {
      "text": "정답은 2번 헤트트릭입니다.",
      "audio": "audio/ans1.mp3"
    }
  }
]