[
  {
    "question": {
      "text": "1번 야구에서 한 경기에서 단타, 2루타, 3루타, 홈런을 모두 기록하는 것을 무엇이라고 하나요?",
      "audio": "audio/qu5.mp3"
    },
    "qu1": {
      "text": "1번 백투백 홈런",
      "audio": "audio/quv5_1.mp3"
    },
    "qu2": {
      "text": "2번 본헤드 플레이",
      "audio": "audio/quv5_2.mp3"
    },
    "qu3": {
      "text": "3번 사이클링 히트",
      "audio": "audio/quv5_3.mp3"
    },
    "anwer": {
      "text": "정답은 3번 사이클링 히트입니다.",
      "audio": "audio/ans5.mp3"
    }
  },
  {
    "question": {
      "text": "2번 세계 최초로 축구 경기에서 VAR(비디오 판독 시스템)이 도입된 월드컵은?",
      "audio": "audio/qu6.mp3"
    },
    "qu1": {
      "text": "1번 2018 러시아 월드컵",
      "audio": "audio/quv6_1.mp3"
    },
    "qu2": {
      "text": "2번 2002 한일 월드컵",
      "audio": "audio/quv6_2.mp3"
    },
    "qu3": {
      "text": "3번 2022 카타르 월드컵",
      "audio": "audio/quv6_3.mp3"
    },
    "anwer": {
      "text": "정답은 1번 러시아 월드컵입니다.",
      "audio": "audio/ans6.mp3"
    }
  },
  {
    "question": {
      "text": "3번 EPL(잉글리시 프리미어리그)에서 손흥민이 데뷔한 해는 언제인가요?",
      "audio": "audio/qu7.mp3"
    },
    "qu1": {
      "text": "1번 2020년",
      "audio": "audio/quv7_1.mp3"
    },
    "qu2": {
      "text": "2번 2015년",
      "audio": "audio/quv7_2.mp3"
    },
    "qu3": {
      "text": "3번 2002년",
      "audio": "audio/quv7_3.mp3"
    },
    "anwer": {
      "text": "정답은 2번 2015년입니다.",
      "audio": "audio/ans7.mp3"
    }
  },
  {
    "question": {
      "text": "4번 리오넬 메시가 2021년까지 가장 오랫동안 뛰었던 클럽은 어디인가요?",
      "audio": "audio/qu8.mp3"
    },
    "qu1": {
      "text": "1번 FC 바르셀로나",
      "audio": "audio/quv8_1.mp3"
    },
    "qu2": {
      "text": "2번 레알 마드리드",
      "audio": "audio/quv8_2.mp3"
    },
    "qu3": {
      "text": "3번 맨체스터 시티",
      "audio": "audio/quv8_3.mp3"
    },
    "anwer": {
      "text": "정답은 1번 FC 바르셀로나입니다.",
      "audio": "audio/ans8.mp3"
    }
  }
]