[
  {
    "src": "/audio/qu1.wav",
    "start": 2004,
    "end": 8119,
    "duration": 6115
  },
  {
    "src": "/audio/clock1-1.mp3",
    "start": 10124,
    "end": 13259,
    "duration": 3135
  },
  {
    "src": "/audio/end.mp3",
    "start": 15139,
    "end": 16999,
    "duration": 1860
  },
  {
    "src": "/audio/ans.wav",
    "start": 16999,
    "end": 19349,
    "duration": 2350
  },
  {
    "src": "/audio/qu2.wav",
    "start": 23357,
    "end": 26049,
    "duration": 2692
  },
  {
    "src": "/audio/clock1-1.mp3",
    "start": 28051,
    "end": 31149,
    "duration": 3098
  },
  {
    "src": "/audio/end.mp3",
    "start": 33060,
    "end": 34909,
    "duration": 1849
  },
  {
    "src": "/audio/ans2.wav",
    "start": 34909,
    "end": 39049,
    "duration": 4140
  },
  {
    "src": "/audio/qu3.wav",
    "start": 43057,
    "end": 49849,
    "duration": 6792
  },
  {
    "src": "/audio/clock1-1.mp3",
    "start": 51852,
    "end": 54979,
    "duration": 3127
  },
  {
    "src": "/audio/end.mp3",
    "start": 56858,
    "end": 58699,
    "duration": 1841
  },
  {
    "src": "/audio/ans3.wav",
    "start": 58699,
    "end": 60929,
    "duration": 2230
  }
]