[
  {
    "src": "/src/python/audio/qu5.mp3",
    "start": 1960,
    "end": 10071,
    "duration": 8111
  },
  {
    "src": "/src/python/audio/qu5.mp3",
    "start": 2001,
    "end": 10071,
    "duration": 8070
  },
  {
    "src": "/src/python/audio/quv5_1.mp3",
    "start": 10071,
    "end": 11871,
    "duration": 1800
  },
  {
    "src": "/src/python/audio/quv5_1.mp3",
    "start": 10071,
    "end": 11871,
    "duration": 1800
  },
  {
    "src": "/src/python/audio/quv5_2.mp3",
    "start": 11871,
    "end": 13651,
    "duration": 1780
  },
  {
    "src": "/src/python/audio/quv5_2.mp3",
    "start": 11871,
    "end": 13651,
    "duration": 1780
  },
  {
    "src": "/src/python/audio/quv5_3.mp3",
    "start": 13651,
    "end": 15551,
    "duration": 1900
  },
  {
    "src": "/src/python/audio/quv5_3.mp3",
    "start": 13651,
    "end": 15551,
    "duration": 1900
  },
  {
    "src": "/audio/clock1-1.mp3",
    "start": 17552,
    "end": 20691,
    "duration": 3139
  },
  {
    "src": "/audio/clock1-1.mp3",
    "start": 17553,
    "end": 20691,
    "duration": 3138
  },
  {
    "src": "/audio/end.mp3",
    "start": 22569,
    "end": 24411,
    "duration": 1842
  },
  {
    "src": "/audio/end.mp3",
    "start": 22569,
    "end": 24431,
    "duration": 1862
  },
  {
    "src": "/src/python/audio/ans5.mp3",
    "start": 24411,
    "end": 27201,
    "duration": 2790
  },
  {
    "src": "/src/python/audio/ans5.mp3",
    "start": 24431,
    "end": 27201,
    "duration": 2770
  },
  {
    "src": "/src/python/audio/qu6.mp3",
    "start": 31209,
    "end": 38421,
    "duration": 7212
  },
  {
    "src": "/src/python/audio/qu6.mp3",
    "start": 31209,
    "end": 38441,
    "duration": 7232
  },
  {
    "src": "/src/python/audio/quv6_1.mp3",
    "start": 38421,
    "end": 41101,
    "duration": 2680
  },
  {
    "src": "/src/python/audio/quv6_1.mp3",
    "start": 38441,
    "end": 41101,
    "duration": 2660
  },
  {
    "src": "/src/python/audio/quv6_2.mp3",
    "start": 41101,
    "end": 43361,
    "duration": 2260
  },
  {
    "src": "/src/python/audio/quv6_2.mp3",
    "start": 41101,
    "end": 43361,
    "duration": 2260
  },
  {
    "src": "/src/python/audio/quv6_3.mp3",
    "start": 43361,
    "end": 46041,
    "duration": 2680
  },
  {
    "src": "/src/python/audio/quv6_3.mp3",
    "start": 43361,
    "end": 46041,
    "duration": 2680
  },
  {
    "src": "/audio/clock1-1.mp3",
    "start": 48048,
    "end": 51191,
    "duration": 3143
  },
  {
    "src": "/audio/clock1-1.mp3",
    "start": 48049,
    "end": 51191,
    "duration": 3142
  },
  {
    "src": "/audio/end.mp3",
    "start": 53057,
    "end": 54911,
    "duration": 1854
  },
  {
    "src": "/audio/end.mp3",
    "start": 53057,
    "end": 54911,
    "duration": 1854
  },
  {
    "src": "/src/python/audio/ans6.mp3",
    "start": 54911,
    "end": 57741,
    "duration": 2830
  },
  {
    "src": "/src/python/audio/ans6.mp3",
    "start": 54911,
    "end": 57741,
    "duration": 2830
  },
  {
    "src": "/src/python/audio/qu7.mp3",
    "start": 61752,
    "end": 68021,
    "duration": 6269
  },
  {
    "src": "/src/python/audio/qu7.mp3",
    "start": 61752,
    "end": 68041,
    "duration": 6289
  },
  {
    "src": "/src/python/audio/quv7_1.mp3",
    "start": 68021,
    "end": 69681,
    "duration": 1660
  },
  {
    "src": "/src/python/audio/quv7_1.mp3",
    "start": 68041,
    "end": 69681,
    "duration": 1640
  },
  {
    "src": "/src/python/audio/quv7_2.mp3",
    "start": 69681,
    "end": 71291,
    "duration": 1610
  },
  {
    "src": "/src/python/audio/quv7_2.mp3",
    "start": 69681,
    "end": 71291,
    "duration": 1610
  },
  {
    "src": "/src/python/audio/quv7_3.mp3",
    "start": 71291,
    "end": 72851,
    "duration": 1560
  },
  {
    "src": "/src/python/audio/quv7_3.mp3",
    "start": 71291,
    "end": 72851,
    "duration": 1560
  },
  {
    "src": "/audio/clock1-1.mp3",
    "start": 74852,
    "end": 77991,
    "duration": 3139
  },
  {
    "src": "/audio/clock1-1.mp3",
    "start": 74853,
    "end": 77991,
    "duration": 3138
  },
  {
    "src": "/audio/end.mp3",
    "start": 79865,
    "end": 81711,
    "duration": 1846
  },
  {
    "src": "/audio/end.mp3",
    "start": 79865,
    "end": 81731,
    "duration": 1866
  },
  {
    "src": "/src/python/audio/ans7.mp3",
    "start": 81711,
    "end": 84421,
    "duration": 2710
  },
  {
    "src": "/src/python/audio/ans7.mp3",
    "start": 81731,
    "end": 84421,
    "duration": 2690
  },
  {
    "src": "/src/python/audio/qu8.mp3",
    "start": 88433,
    "end": 94401,
    "duration": 5968
  },
  {
    "src": "/src/python/audio/qu8.mp3",
    "start": 88433,
    "end": 94421,
    "duration": 5988
  },
  {
    "src": "/src/python/audio/quv8_1.mp3",
    "start": 94401,
    "end": 96501,
    "duration": 2100
  },
  {
    "src": "/src/python/audio/quv8_1.mp3",
    "start": 94421,
    "end": 96501,
    "duration": 2080
  },
  {
    "src": "/src/python/audio/quv8_2.mp3",
    "start": 96501,
    "end": 98221,
    "duration": 1720
  },
  {
    "src": "/src/python/audio/quv8_2.mp3",
    "start": 96501,
    "end": 98221,
    "duration": 1720
  },
  {
    "src": "/src/python/audio/quv8_3.mp3",
    "start": 98221,
    "end": 100211,
    "duration": 1990
  },
  {
    "src": "/src/python/audio/quv8_3.mp3",
    "start": 98221,
    "end": 100211,
    "duration": 1990
  },
  {
    "src": "/audio/clock1-1.mp3",
    "start": 102217,
    "end": 105361,
    "duration": 3144
  },
  {
    "src": "/audio/clock1-1.mp3",
    "start": 102217,
    "end": 105361,
    "duration": 3144
  },
  {
    "src": "/audio/end.mp3",
    "start": 107225,
    "end": 109081,
    "duration": 1856
  },
  {
    "src": "/audio/end.mp3",
    "start": 107225,
    "end": 109081,
    "duration": 1856
  },
  {
    "src": "/src/python/audio/ans8.mp3",
    "start": 109081,
    "end": 112211,
    "duration": 3130
  },
  {
    "src": "/src/python/audio/ans8.mp3",
    "start": 109082,
    "end": 112231,
    "duration": 3149
  }
]