[
  {
    "src": "/src/python/audio/qu1.mp3",
    "start": 2002,
    "end": 8761,
    "duration": 6759
  },
  {
    "src": "/src/python/audio/quv1_1.mp3",
    "start": 8761,
    "end": 10421,
    "duration": 1660
  },
  {
    "src": "/src/python/audio/quv1_2.mp3",
    "start": 10421,
    "end": 11801,
    "duration": 1380
  },
  {
    "src": "/src/python/audio/quv1_3.mp3",
    "start": 11801,
    "end": 13581,
    "duration": 1780
  },
  {
    "src": "/audio/clock1-1.mp3",
    "start": 15587,
    "end": 18721,
    "duration": 3134
  },
  {
    "src": "/audio/end.mp3",
    "start": 20594,
    "end": 22441,
    "duration": 1847
  },
  {
    "src": "/src/python/audio/ans1.mp3",
    "start": 22441,
    "end": 24721,
    "duration": 2280
  }
]